
{
  "header": {
    "reportVersion": 2,
    "event": "Allocation failed - JavaScript heap out of memory",
    "trigger": "FatalError",
    "filename": "report.20210710.231602.7940.0.001.json",
    "dumpEventTime": "2021-07-10T23:16:02Z",
    "dumpEventTimeStamp": "1625939162269",
    "processId": 7940,
    "threadId": null,
    "cwd": "C:\\Workspace\\Angular\\FlightBooking",
    "commandLine": [
      "C:\\Program Files\\nodejs\\node.exe",
      "C:\\Users\\User\\AppData\\Roaming\\npm/node_modules/@angular/cli/bin/ng",
      "serve"
    ],
    "nodejsVersion": "v12.16.3",
    "wordSize": 64,
    "arch": "x64",
    "platform": "win32",
    "componentVersions": {
      "node": "12.16.3",
      "v8": "7.8.279.23-node.35",
      "uv": "1.34.2",
      "zlib": "1.2.11",
      "brotli": "1.0.7",
      "ares": "1.16.0",
      "modules": "72",
      "nghttp2": "1.40.0",
      "napi": "5",
      "llhttp": "2.0.4",
      "http_parser": "2.9.3",
      "openssl": "1.1.1g",
      "cldr": "36.0",
      "icu": "65.1",
      "tz": "2019c",
      "unicode": "12.1"
    },
    "release": {
      "name": "node",
      "lts": "Erbium",
      "headersUrl": "https://nodejs.org/download/release/v12.16.3/node-v12.16.3-headers.tar.gz",
      "sourceUrl": "https://nodejs.org/download/release/v12.16.3/node-v12.16.3.tar.gz",
      "libUrl": "https://nodejs.org/download/release/v12.16.3/win-x64/node.lib"
    },
    "osName": "Windows_NT",
    "osRelease": "10.0.18363",
    "osVersion": "Windows 10 Pro",
    "osMachine": "x86_64",
    "cpus": [
      {
        "model": "Intel(R) Xeon(R) CPU E5-2670 0 @ 2.60GHz",
        "speed": 2600,
        "user": 37210062,
        "nice": 0,
        "sys": 236978484,
        "idle": 188830375,
        "irq": 12842296
      },
      {
        "model": "Intel(R) Xeon(R) CPU E5-2670 0 @ 2.60GHz",
        "speed": 2600,
        "user": 45342593,
        "nice": 0,
        "sys": 214610937,
        "idle": 203063843,
        "irq": 9504390
      }
    ],
    "networkInterfaces": [
      {
        "name": "Ethernet0",
        "internal": false,
        "mac": "00:50:56:8a:46:b1",
        "address": "fe80::8805:3909:a6b9:b274",
        "netmask": "ffff:ffff:ffff:ffff::",
        "family": "IPv6",
        "scopeid": 4
      },
      {
        "name": "Ethernet0",
        "internal": false,
        "mac": "00:50:56:8a:46:b1",
        "address": "172.18.15.162",
        "netmask": "255.255.0.0",
        "family": "IPv4"
      },
      {
        "name": "Loopback Pseudo-Interface 1",
        "internal": true,
        "mac": "00:00:00:00:00:00",
        "address": "::1",
        "netmask": "ffff:ffff:ffff:ffff:ffff:ffff:ffff:ffff",
        "family": "IPv6",
        "scopeid": 0
      },
      {
        "name": "Loopback Pseudo-Interface 1",
        "internal": true,
        "mac": "00:00:00:00:00:00",
        "address": "127.0.0.1",
        "netmask": "255.0.0.0",
        "family": "IPv4"
      },
      {
        "name": "vEthernet (Default Switch)",
        "internal": false,
        "mac": "00:15:5d:59:bd:b8",
        "address": "fe80::6009:d87b:1673:6b7a",
        "netmask": "ffff:ffff:ffff:ffff::",
        "family": "IPv6",
        "scopeid": 8
      },
      {
        "name": "vEthernet (Default Switch)",
        "internal": false,
        "mac": "00:15:5d:59:bd:b8",
        "address": "172.17.162.81",
        "netmask": "255.255.255.240",
        "family": "IPv4"
      },
      {
        "name": "vEthernet (nat)",
        "internal": false,
        "mac": "00:15:5d:ea:12:d4",
        "address": "fe80::e189:1fa9:1e28:ab54",
        "netmask": "ffff:ffff:ffff:ffff::",
        "family": "IPv6",
        "scopeid": 16
      },
      {
        "name": "vEthernet (nat)",
        "internal": false,
        "mac": "00:15:5d:ea:12:d4",
        "address": "172.27.160.1",
        "netmask": "255.255.240.0",
        "family": "IPv4"
      }
    ],
    "host": "Lab-637610614169874232-1"
  },
  "javascriptStack": {
    "message": "No stack.",
    "stack": [
      "Unavailable."
    ]
  },
  "nativeStack": [
    {
      "pc": "0x00007ff7cb852449",
      "symbol": "std::basic_ostream<char,std::char_traits<char> >::operator<<+11577"
    },
    {
      "pc": "0x00007ff7cb8569a9",
      "symbol": "std::basic_ostream<char,std::char_traits<char> >::operator<<+29337"
    },
    {
      "pc": "0x00007ff7cb855828",
      "symbol": "std::basic_ostream<char,std::char_traits<char> >::operator<<+24856"
    },
    {
      "pc": "0x00007ff7cb98d8c2",
      "symbol": "v8::base::CPU::has_sse+68658"
    },
    {
      "pc": "0x00007ff7cc1a9bbe",
      "symbol": "v8::Isolate::ReportExternalAllocationLimitReached+94"
    },
    {
      "pc": "0x00007ff7cc191c91",
      "symbol": "v8::SharedArrayBuffer::Externalize+833"
    },
    {
      "pc": "0x00007ff7cc05e1ec",
      "symbol": "v8::internal::Heap::EphemeronKeyWriteBarrierFromCode+1436"
    },
    {
      "pc": "0x00007ff7cc069420",
      "symbol": "v8::internal::Heap::ProtectUnprotectedMemoryChunks+1312"
    },
    {
      "pc": "0x00007ff7cc065f44",
      "symbol": "v8::internal::Heap::PageFlagsAreConsistent+3204"
    },
    {
      "pc": "0x00007ff7cc05b743",
      "symbol": "v8::internal::Heap::CollectGarbage+1283"
    },
    {
      "pc": "0x00007ff7cc059db4",
      "symbol": "v8::internal::Heap::AddRetainedMap+2452"
    },
    {
      "pc": "0x00007ff7cc07afbd",
      "symbol": "v8::internal::Factory::NewFillerObject+61"
    },
    {
      "pc": "0x00007ff7cbde1871",
      "symbol": "v8::internal::interpreter::JumpTableTargetOffsets::iterator::operator=+1665"
    },
    {
      "pc": "0x00007ff7cc5f6c4d",
      "symbol": "v8::internal::SetupIsolateDelegate::SetupHeap+546637"
    },
    {
      "pc": "0x000001868fd52e03",
      "symbol": ""
    }
  ],
  "javascriptHeap": {
    "totalMemory": 2163859456,
    "totalCommittedMemory": 2163859456,
    "usedMemory": 2139388904,
    "availableMemory": 48956416,
    "memoryLimit": 2197815296,
    "heapSpaces": {
      "read_only_space": {
        "memorySize": 262144,
        "committedMemory": 262144,
        "capacity": 32808,
        "used": 32808,
        "available": 0
      },
      "new_space": {
        "memorySize": 12582912,
        "committedMemory": 12582912,
        "capacity": 6284736,
        "used": 334176,
        "available": 5950560
      },
      "old_space": {
        "memorySize": 1618882560,
        "committedMemory": 1618882560,
        "capacity": 1614221344,
        "used": 1611456064,
        "available": 2765280
      },
      "code_space": {
        "memorySize": 12226560,
        "committedMemory": 12226560,
        "capacity": 10546624,
        "used": 10546624,
        "available": 0
      },
      "map_space": {
        "memorySize": 5509120,
        "committedMemory": 5509120,
        "capacity": 5015520,
        "used": 5015520,
        "available": 0
      },
      "large_object_space": {
        "memorySize": 513400832,
        "committedMemory": 513400832,
        "capacity": 511099168,
        "used": 511099168,
        "available": 0
      },
      "code_large_object_space": {
        "memorySize": 995328,
        "committedMemory": 995328,
        "capacity": 904544,
        "used": 904544,
        "available": 0
      },
      "new_large_object_space": {
        "memorySize": 0,
        "committedMemory": 0,
        "capacity": 6284736,
        "used": 0,
        "available": 6284736
      }
    }
  },
  "resourceUsage": {
    "userCpuSeconds": 1684.3,
    "kernelCpuSeconds": 144.937,
    "cpuConsumptionPercent": 0.827973,
    "maxRss": 1919295488,
    "pageFaults": {
      "IORequired": 7416852,
      "IONotRequired": 0
    },
    "fsActivity": {
      "reads": 24462,
      "writes": 17
    }
  },
  "libuv": [
  ],
  "workers": [
  ],
  "environmentVariables": {
    "ALLUSERSPROFILE": "C:\\ProgramData",
    "APPDATA": "C:\\Users\\User\\AppData\\Roaming",
    "BROWSERSLIST_IGNORE_OLD_DATA": "1",
    "CHROME_CRASHPAD_PIPE_NAME": "\\\\.\\pipe\\crashpad_312_ZJZIVINPNFMFVBQB",
    "CLIENTNAME": "Guacamole RDP",
    "CommonProgramFiles": "C:\\Program Files\\Common Files",
    "CommonProgramFiles(x86)": "C:\\Program Files (x86)\\Common Files",
    "CommonProgramW6432": "C:\\Program Files\\Common Files",
    "COMPUTERNAME": "LAB-63761061416",
    "ComSpec": "C:\\Windows\\system32\\cmd.exe",
    "DriverData": "C:\\Windows\\System32\\Drivers\\DriverData",
    "HOMEDRIVE": "C:",
    "HOMEPATH": "\\Users\\User",
    "LOCALAPPDATA": "C:\\Users\\User\\AppData\\Local",
    "LOGONSERVER": "\\\\LAB-63761061416",
    "NUMBER_OF_PROCESSORS": "2",
    "OneDrive": "C:\\Users\\User\\OneDrive",
    "ORIGINAL_XDG_CURRENT_DESKTOP": "undefined",
    "OS": "Windows_NT",
    "Path": "C:\\Program Files\\Python39\\Scripts\\;C:\\Program Files\\Python39\\;C:\\Program Files (x86)\\Common Files\\Oracle\\Java\\javapath;C:\\Windows\\system32;C:\\Windows;C:\\Windows\\System32\\Wbem;C:\\Windows\\System32\\WindowsPowerShell\\v1.0\\;C:\\Windows\\System32\\OpenSSH\\;C:\\Program Files\\Java\\jdk-9.0.4\\bin;C:\\Program Files\\nodejs\\;C:\\Program Files\\Docker\\Docker\\resources\\bin;C:\\ProgramData\\DockerDesktop\\version-bin;C:\\Softwares\\Template\\spark-3.0.0-preview2-bin-hadoop2.7\\bin;C:\\Softwares\\Template\\apache-jmeter-5.3\\apache-jmeter-5.3\\bin;C:\\Program Files (x86)\\scala\\bin;C:\\Program Files\\Java\\jdk1.8.0_201\\bin;C:\\Program Files\\Git\\cmd;C:\\Program Files\\Amazon\\AWSCLIV2\\;C:\\apache-maven-3.6.3\\bin;C:\\Users\\User\\AppData\\Local\\Programs\\Python\\Python38-32\\Scripts\\;C:\\Users\\User\\AppData\\Local\\Programs\\Python\\Python38-32\\;C:\\Program Files\\MySQL\\MySQL Shell 8.0\\bin\\;C:\\Users\\User\\AppData\\Roaming\\npm;C:\\Users\\User\\AppData\\Local\\Programs\\Microsoft VS Code\\bin",
    "PATHEXT": ".COM;.EXE;.BAT;.CMD;.VBS;.VBE;.JS;.JSE;.WSF;.WSH;.MSC;.PY;.PYW;.CPL",
    "PROCESSOR_ARCHITECTURE": "AMD64",
    "PROCESSOR_IDENTIFIER": "Intel64 Family 6 Model 45 Stepping 7, GenuineIntel",
    "PROCESSOR_LEVEL": "6",
    "PROCESSOR_REVISION": "2d07",
    "ProgramData": "C:\\ProgramData",
    "ProgramFiles": "C:\\Program Files",
    "ProgramFiles(x86)": "C:\\Program Files (x86)",
    "ProgramW6432": "C:\\Program Files",
    "PSModulePath": "C:\\Users\\User\\Documents\\WindowsPowerShell\\Modules;C:\\Program Files\\WindowsPowerShell\\Modules;C:\\Windows\\system32\\WindowsPowerShell\\v1.0\\Modules",
    "PUBLIC": "C:\\Users\\Public",
    "SESSIONNAME": "RDP-Tcp#0",
    "SystemDrive": "C:",
    "SystemRoot": "C:\\Windows",
    "TEMP": "C:\\Users\\User\\AppData\\Local\\Temp",
    "TMP": "C:\\Users\\User\\AppData\\Local\\Temp",
    "USERDOMAIN": "LAB-63761061416",
    "USERDOMAIN_ROAMINGPROFILE": "LAB-63761061416",
    "USERNAME": "User",
    "USERPROFILE": "C:\\Users\\User",
    "WEBPACK_DEV_SERVER": "true",
    "windir": "C:\\Windows",
    "TERM_PROGRAM": "vscode",
    "TERM_PROGRAM_VERSION": "1.52.0",
    "LANG": "en_US.UTF-8",
    "COLORTERM": "truecolor",
    "VSCODE_GIT_IPC_HANDLE": "\\\\.\\pipe\\vscode-git-7bac5d6f0b-sock",
    "GIT_ASKPASS": "c:\\Users\\User\\AppData\\Local\\Programs\\Microsoft VS Code\\resources\\app\\extensions\\git\\dist\\askpass.sh",
    "VSCODE_GIT_ASKPASS_NODE": "C:\\Users\\User\\AppData\\Local\\Programs\\Microsoft VS Code\\Code.exe",
    "VSCODE_GIT_ASKPASS_MAIN": "c:\\Users\\User\\AppData\\Local\\Programs\\Microsoft VS Code\\resources\\app\\extensions\\git\\dist\\askpass-main.js"
  },
  "sharedObjects": [
    "C:\\Program Files\\nodejs\\node.exe",
    "C:\\Windows\\SYSTEM32\\ntdll.dll",
    "C:\\Windows\\System32\\KERNEL32.DLL",
    "C:\\Windows\\System32\\KERNELBASE.dll",
    "C:\\Windows\\System32\\WS2_32.dll",
    "C:\\Windows\\System32\\RPCRT4.dll",
    "C:\\Windows\\System32\\PSAPI.DLL",
    "C:\\Windows\\System32\\ADVAPI32.dll",
    "C:\\Windows\\System32\\msvcrt.dll",
    "C:\\Windows\\System32\\sechost.dll",
    "C:\\Windows\\System32\\USER32.dll",
    "C:\\Windows\\System32\\win32u.dll",
    "C:\\Windows\\System32\\GDI32.dll",
    "C:\\Windows\\SYSTEM32\\dbghelp.dll",
    "C:\\Windows\\System32\\gdi32full.dll",
    "C:\\Windows\\System32\\ucrtbase.dll",
    "C:\\Windows\\System32\\msvcp_win.dll",
    "C:\\Windows\\System32\\CRYPT32.dll",
    "C:\\Windows\\System32\\MSASN1.dll",
    "C:\\Windows\\System32\\bcrypt.dll",
    "C:\\Windows\\SYSTEM32\\IPHLPAPI.DLL",
    "C:\\Windows\\SYSTEM32\\USERENV.dll",
    "C:\\Windows\\System32\\profapi.dll",
    "C:\\Windows\\SYSTEM32\\WINMM.dll",
    "C:\\Windows\\SYSTEM32\\WINMMBASE.dll",
    "C:\\Windows\\System32\\cfgmgr32.dll",
    "C:\\Windows\\System32\\bcryptPrimitives.dll",
    "C:\\Windows\\System32\\IMM32.DLL",
    "C:\\Windows\\System32\\powrprof.dll",
    "C:\\Windows\\System32\\UMPDC.dll",
    "C:\\Windows\\SYSTEM32\\CRYPTBASE.DLL",
    "C:\\Windows\\system32\\uxtheme.dll",
    "C:\\Windows\\System32\\combase.dll",
    "C:\\Windows\\system32\\mswsock.dll",
    "C:\\Windows\\System32\\kernel.appcore.dll",
    "C:\\Windows\\System32\\NSI.dll",
    "C:\\Windows\\SYSTEM32\\dhcpcsvc6.DLL",
    "C:\\Windows\\SYSTEM32\\dhcpcsvc.DLL",
    "C:\\Windows\\SYSTEM32\\DNSAPI.dll",
    "C:\\Windows\\System32\\rasadhlp.dll",
    "C:\\Windows\\System32\\fwpuclnt.dll",
    "C:\\Windows\\system32\\napinsp.dll",
    "C:\\Windows\\system32\\pnrpnsp.dll",
    "C:\\Windows\\System32\\winrnr.dll",
    "C:\\Windows\\system32\\NLAapi.dll",
    "C:\\Windows\\system32\\wshbth.dll"
  ]
}